cache	rating
2	0.316104
6	0.316273
10	0.69728
14	1.13368
15	3.70993
16	3.80434
17	3.83214
18	4.57395
20	4.98832
22	6.06001
23	12.9792
25	12.9557